Melody-name;Author;Melody;Duration
Prelude-from-Suite-no.1-for-unaccompanied-cello;Bach;d-a-f#-e-f#-a-f#-a-d-a-f#-e-f#-a-f#-a-d-h-g-f#-g-h-g-h-d-h-g-f#-g-h-g-h-d-c#-g-f#-g-c#-g-c#-d-c#-g-f#-g-c#-g-c#-d-d-f#-e-f#-d-f#-d-d-d-f#-e-f#-d-f#-c#-d-h-f#-e-f#-d-c-d-h-d-c#-d-f#-a-g#-f#-g#-d-e-d-e-d-e-d-g#-d-e-d-e-d-e-d-c#-e-a-g#-a-e-d-e-c#-e-d-e-a-c#-h-a-h-f#-d-c#-d-f#-d-f#-h-f#-d-c#-d-f#-d-f#-h-g#-a-h-a-g#-f#-e-d-c#-h-a-g#-f#-e-d-c#-h-a-a-e-a-c#-e-a-h-c#-e-d-c#-h-a-d#-a-c-a-c-a-d-a-f#-a-c-a-c-a-d-a-g-h-e-f#-g-e-h-a-g-h-e-f#-g-e-c#-h-a#-c#-a#-c#-e-c#-e-c#-a#-c#-a#-c#-e-c#-e-c#-d-c#-h-d-c#-d-e-c#-d-c#-h-a-g-f#-e-d-c#-g-a-g-a-g-a-g-c#-g-a-g-a-g-a-g-d-f#-c-h-c-f#-c-f#-d-f#-c-h-c-f#-c-f#-d-g-h-a-h-g-h-g-d-g-h-a-h-g-h-g-d-c#-g-f#-g-c#-g-c#-d-c#-g-f#-g-c#-g-c#-d-a-f#-e-f#-d-c#-h-a-g-f#-e-d-c#-h-a-g#-e-h-c#-d-h-c#-d-g#-e-h-c#-d-h-c#-d-g-e-a-h-c#-a-h-c#-g-e-a-h-c#-a-h-c#-g-e-a-c#-e-g#-a-a-e-f#-g-a-h-c#-d-e-c#-a-h-c#-d-e-f#-g-e-c#-d-e-f#-g-a-a#-a-g#-a-a-g-f#-g-g-e-c#-h-a-e-f#-g-a-e-a-c#-e-f#-g-e-f#-d-a-g-f#-d-e-f#-a-d-f#-a-d-e-f#-d-g#-f-e-f-f-e-d#-e-e-d-c#-d-d-h-g#-f#-e-g#-h-d-e-g#-a-g-a-e-c#-h-c#-e-a-c#-e-a-g#-f#-e-d-c#-h-a-g-f#-e-d-c#-h-a-g-f#-e-d-c#-h-a-g-f#-e-d-c#-h-a-g-f#-e-d-c#-h-a-g-f#-e-d-c#-h-c#-e-a-e-h-e-c#-e-d-e-h-e-c#-e-a-e-d-e-h-e-c#-e-a-e-d-e-h-e-c#-e-a-e-h-e-c#-e-d-e-e-e-f#-e-a-e-e-e-f#-e-g-e-a-e-f#-e-g-e-a-e-f#-e-g-e-f#-e-g-e-e-e-f#-e-e-e-f#-e-d-e-e-e-d-e-e-e-c#-e-d-e-c#-e-d-e-h-e-c#-e-a-h-c-a-c#-a-d-a-d#-a-e-a-f-a-f#-a-g-a-g#-a-a-a-a#-a-h-a-c-a-c#-a-d-f#-a-f#-d-f#-d-f#-d-f#-a-f#-a-f#-a-f#-d-e-a-e-d-e-d-e-d-e-a-e-d-e-d-e-c#-g-a-g-c#-g-c#-g-c#-g-a-g-c#-g-c#-g-f#;0.0625-0.0625-0.0625-0.0625-0.0625-0.0625-0.0625-0.0625-0.0625-0.0625-0.0625-0.0625-0.0625-0.0625-0.0625-0.0625-0.0625-0.0625-0.0625-0.0625-0.0625-0.0625-0.0625-0.0625-0.0625-0.0625-0.0625-0.0625-0.0625-0.0625-0.0625-0.0625-0.0625-0.0625-0.0625-0.0625-0.0625-0.0625-0.0625-0.0625-0.0625-0.0625-0.0625-0.0625-0.0625-0.0625-0.0625-0.0625-0.0625-0.0625-0.0625-0.0625-0.0625-0.0625-0.0625-0.0625-0.0625-0.0625-0.0625-0.0625-0.0625-0.0625-0.0625-0.0625-0.0625-0.0625-0.0625-0.0625-0.0625-0.0625-0.0625-0.0625-0.0625-0.0625-0.0625-0.0625-0.0625-0.0625-0.0625-0.0625-0.0625-0.0625-0.0625-0.0625-0.0625-0.0625-0.0625-0.0625-0.0625-0.0625-0.0625-0.0625-0.0625-0.0625-0.0625-0.0625-0.0625-0.0625-0.0625-0.0625-0.0625-0.0625-0.0625-0.0625-0.0625-0.0625-0.0625-0.0625-0.0625-0.0625-0.0625-0.0625-0.0625-0.0625-0.0625-0.0625-0.0625-0.0625-0.0625-0.0625-0.0625-0.0625-0.0625-0.0625-0.0625-0.0625-0.0625-0.0625-0.0625-0.0625-0.0625-0.0625-0.0625-0.0625-0.0625-0.0625-0.0625-0.0625-0.0625-0.0625-0.0625-0.0625-0.0625-0.0625-0.0625-0.0625-0.0625-0.0625-0.0625-0.0625-0.0625-0.0625-0.0625-0.0625-0.0625-0.0625-0.0625-0.0625-0.0625-0.0625-0.0625-0.0625-0.0625-0.0625-0.0625-0.0625-0.0625-0.0625-0.0625-0.0625-0.0625-0.0625-0.0625-0.0625-0.0625-0.0625-0.0625-0.0625-0.0625-0.0625-0.0625-0.0625-0.0625-0.0625-0.0625-0.0625-0.0625-0.0625-0.0625-0.0625-0.0625-0.0625-0.0625-0.0625-0.0625-0.0625-0.0625-0.0625-0.0625-0.0625-0.0625-0.0625-0.0625-0.0625-0.0625-0.0625-0.0625-0.0625-0.0625-0.0625-0.0625-0.0625-0.0625-0.0625-0.0625-0.0625-0.0625-0.0625-0.0625-0.0625-0.0625-0.0625-0.0625-0.0625-0.0625-0.0625-0.0625-0.0625-0.0625-0.0625-0.0625-0.0625-0.0625-0.0625-0.0625-0.0625-0.0625-0.0625-0.0625-0.0625-0.0625-0.0625-0.0625-0.0625-0.0625-0.0625-0.0625-0.0625-0.0625-0.0625-0.0625-0.0625-0.0625-0.0625-0.0625-0.0625-0.0625-0.0625-0.0625-0.0625-0.0625-0.0625-0.0625-0.0625-0.0625-0.0625-0.0625-0.0625-0.0625-0.0625-0.0625-0.0625-0.0625-0.0625-0.0625-0.0625-0.0625-0.0625-0.0625-0.0625-0.0625-0.0625-0.0625-0.0625-0.0625-0.0625-0.0625-0.0625-0.0625-0.0625-0.0625-0.0625-0.0625-0.0625-0.0625-0.0625-0.0625-0.0625-0.0625-0.0625-0.0625-0.0625-0.0625-0.0625-0.0625-0.0625-0.0625-0.0625-0.0625-0.0625-0.0625-0.0625-0.0625-0.0625-0.0625-0.0625-0.0625-0.0625-0.0625-0.0625-0.0625-0.0625-0.0625-0.0625-0.0625-0.0625-0.0625-0.0625-0.0625-0.0625-0.0625-0.0625-0.0625-0.0625-0.0625-0.0625-0.0625-0.0625-0.0625-0.0625-0.0625-0.0625-0.125-0.0625-0.0625-0.0625-0.0625-0.0625-0.0625-0.0625-0.0625-0.0625-0.0625-0.0625-0.0625-0.0625-0.0625-0.0625-0.0625-0.0625-0.0625-0.0625-0.0625-0.0625-0.0625-0.0625-0.0625-0.0625-0.0625-0.0625-0.0625-0.0625-0.0625-0.0625-0.0625-0.0625-0.0625-0.0625-0.0625-0.0625-0.0625-0.0625-0.0625-0.0625-0.0625-0.0625-0.0625-0.0625-0.0625-0.0625-0.0625-0.0625-0.0625-0.0625-0.0625-0.0625-0.0625-0.0625-0.0625-0.0625-0.0625-0.0625-0.0625-0.0625-0.0625-0.0625-0.0625-0.0625-0.0625-0.0625-0.0625-0.0625-0.0625-0.0625-0.0625-0.0625-0.0625-0.0625-0.0625-0.0625-0.0625-0.0625-0.0625-0.0625-0.0625-0.0625-0.0625-0.0625-0.0625-0.0625-0.0625-0.0625-0.0625-0.0625-0.0625-0.0625-0.0625-0.0625-0.0625-0.0625-0.0625-0.0625-0.0625-0.0625-0.0625-0.0625-0.0625-0.125-0.0625-0.0625-0.0625-0.0625-0.0625-0.0625-0.0625-0.0625-0.0625-0.0625-0.0625-0.0625-0.0625-0.0625-0.0625-0.0625-0.0625-0.0625-0.0625-0.0625-0.0625-0.0625-0.0625-0.0625-0.0625-0.0625-0.0625-0.0625-0.0625-0.0625-0.0625-0.0625-0.0625-0.0625-0.0625-0.0625-0.0625-0.0625-0.0625-0.0625-0.0625-0.0625-0.0625-0.0625-0.0625-0.0625-0.0625-0.0625-0.0625-0.0625-0.0625-0.0625-0.0625-0.0625-0.0625-0.0625-0.0625-0.0625-0.0625-0.0625-0.0625-0.0625-0.0625-0.0625-0.0625-0.0625-0.0625-0.0625-0.0625-0.0625-0.0625-0.0625-0.0625-0.0625-0.0625-0.0625-0.0625-0.0625-0.0625-0.0625-0.0625-0.0625-0.0625-0.0625-0.0625-0.0625-0.0625-0.0625-0.0625-0.0625-0.0625-0.0625-0.0625-0.0625-0.0625-0.0625-0.0625-0.0625-0.0625-0.0625-0.0625-0.0625-0.0625-0.0625-0.0625-0.0625-0.0625-0.0625-0.0625-0.0625-0.0625-0.0625-0.0625-0.0625-0.0625-0.0625-0.0625-0.0625-0.0625-0.0625-0.0625-0.0625-0.0625-0.0625-0.0625-0.0625-0.0625-0.0625-0.0625-0.0625-0.0625-0.0625-0.0625-0.0625-0.0625-0.0625-0.0625-0.0625-0.0625-0.0625-0.0625-0.0625-0.0625-0.0625-0.0625-0.0625-0.0625-0.0625-0.0625-0.0625-0.0625-0.0625-0.0625-0.0625-0.0625-0.0625-0.0625-0.0625-0.0625-0.0625-0.0625-0.0625-0.0625-0.0625-0.0625-0.0625-0.0625-0.0625-0.0625-0.0625-0.0625-0.0625-0.0625-0.0625-0.0625-0.0625-0.0625-0.0625-0.0625-0.0625-0.0625-0.0625-0.0625-0.0625-0.0625-0.0625-0.0625-0.0625-0.0625-0.0625-0.0625-0.0625-0.0625-0.0625-0.0625-0.0625-0.0625-0.0625-0.0625-0.0625-0.0625-0.0625-0.0625-0.0625-0.0625-0.0625-1
Air-on-the-G-string;Bach;c#-c#-c#-f#-d-h-a-g#-a-g#-f#-e-e-e-c-g-f#-h-a#-e-d-d-d-h-f#-e-a-g#-d-c#-c#-d#-e-a-a-h-c#-c#-h-h-a-g#-f#-f#-g#-a-a-g#-f#-e-c#-c#-c#-f#-d-h-a-g#-a-g#-f#-e-e-e-c-g-f#-h-a#-e-d-d-d-h-f#-e-a-g#-d-c#-c#-d#-e-a-a-h-c#-c#-h-h-a-g#-f#-f#-g#-a-a-g#-f#-e-g#-g#-a-g#-f#-g#-e-e-g-f#-f#-f#-e-d-c#-d-d-c#-h-a-g#-f#-f-f#-g#-g#-a-h-h-c#-d-c#-h-a-g#-f#-g#-a-h-a-f#-a-a-c#-h-a-f#-e-d#-c#-h-e-e-f#-g#-a-g#-f#-e-a-c#-h-h-d-c#-c#-e-d-d-e-e-g#-h-d-d-h-c#-c#-d-e-a-a-c#-e-g-f#-a-g#-h-d-f#-e-h-c#-d-d-c#-h-a-g#-f#-g#-a-g#-a-a-g#-g#-a-g#-f#-g#-e-e-g-f#-f#-f#-e-d-c#-d-d-c#-h-a-g#-f#-f-f#-g#-g#-a-h-h-c#-d-c#-h-a-g#-f#-g#-a-h-a-f#-a-a-c#-h-a-f#-e-d#-c#-h-e-e-f#-g#-a-g#-f#-e-a-c#-h-h-d-c#-c#-e-d-d-e-e-g#-h-d-d-h-c#-c#-d-e-a-a-c#-e-g-f#-a-g#-h-d-f#-e-h-c#-d-d-c#-h-a-g#-f#-g#-a-g#-a-a;1-1-0.25-0.125-0.125-0.125-0.125-0.125-0.125-0.5-0.125-0.375-1-0.125-0.125-0.125-0.125-0.125-0.125-0.125-0.125-1-0.125-0.125-0.125-0.125-0.125-0.125-0.125-0.125-0.75-0.125-0.125-0.25-0.0625-0.0625-0.125-0.125-0.125-0.125-0.125-0.125-0.125-0.0625-0.0625-0.125-0.25-0.125-0.125-1-1-1-0.25-0.125-0.125-0.125-0.125-0.125-0.125-0.5-0.125-0.375-1-0.125-0.125-0.125-0.125-0.125-0.125-0.125-0.125-1-0.125-0.125-0.125-0.125-0.125-0.125-0.125-0.125-0.75-0.125-0.125-0.25-0.0625-0.0625-0.125-0.125-0.125-0.125-0.125-0.125-0.125-0.0625-0.0625-0.125-0.25-0.125-0.125-1-0.5-0.125-0.0625-0.0625-0.0625-0.0625-0.125-0.75-0.25-0.25-0.25-0.125-0.125-0.125-0.125-0.5-0.0625-0.0625-0.0625-0.0625-0.125-0.125-0.125-0.125-0.25-0.125-0.125-0.25-0.125-0.125-0.5-0.25-0.125-0.125-0.125-0.125-0.125-0.0625-0.0625-0.25-1-0.5-0.125-0.125-0.125-0.125-0.75-0.125-0.125-0.0625-0.0625-0.125-0.25-0.375-0.0625-0.0625-0.375-0.125-0.5-0.75-0.125-0.125-0.75-0.125-0.125-0.75-0.125-0.125-1-0.5-0.125-0.125-0.125-0.125-0.125-0.125-0.5-0.125-0.0625-0.0625-0.5-0.125-0.125-0.125-0.125-0.75-0.25-0.125-0.125-0.5-0.25-0.25-0.125-0.0625-0.0625-0.125-0.25-0.125-0.0625-0.0625-0.25-0.125-0.25-0.125-0.125-1-0.5-0.125-0.0625-0.0625-0.0625-0.0625-0.125-0.75-0.25-0.25-0.25-0.125-0.125-0.125-0.125-0.5-0.0625-0.0625-0.0625-0.0625-0.125-0.125-0.125-0.125-0.25-0.125-0.125-0.25-0.125-0.125-0.5-0.25-0.125-0.125-0.125-0.125-0.125-0.0625-0.0625-0.25-1-0.5-0.125-0.125-0.125-0.125-0.75-0.125-0.125-0.0625-0.0625-0.125-0.25-0.375-0.0625-0.0625-0.375-0.125-0.5-0.75-0.125-0.125-0.75-0.125-0.125-0.75-0.125-0.125-1-0.5-0.125-0.125-0.125-0.125-0.125-0.125-0.5-0.125-0.0625-0.0625-0.5-0.125-0.125-0.125-0.125-0.75-0.25-0.125-0.125-0.5-0.25-0.25-0.125-0.0625-0.0625-0.125-0.25-0.125-0.0625-0.0625-0.25-0.125-0.25-0.125-0.125-1
Meneut-from-French-Suite-No.3;Bach;c-e-a-e-h-e-c-e-a-e-g#-e-a-e-a-e-h-e-c-e-a-e-g#-e-c-e-c-a-f-d-h-d-h-g-e-c-a-e-d-c-h-a-g#-e-c-e-a-e-h-e-c-e-a-e-g#-e-a-e-a-e-h-e-c-e-a-e-g#-e-c-e-c-a-f-d-h-d-h-g-g-d-e-g-e-c-g-h-c-c-e-a-e-h-e-c-e-a-e-g#-e-a-e-a-e-h-e-c-e-a-e-g#-e-c-e-c-a-f-d-h-d-h-g-e-c-a-e-d-c-h-a-g#-e-c-e-a-e-h-e-c-e-a-e-g#-e-a-e-a-e-h-e-c-e-a-e-g#-e-c-e-c-a-f-d-h-d-h-g-g-d-e-g-e-c-g-h-c-g-f-e-d-c-h-c-d-e-c-d-f-e-f-g-h-c-e-d-e-a-f#-a-h-c-h-a-g-f#-e-f#-d#-e-g-a-a#-a-g-f-g-e-f-d-a-h-c-h-a-g#-a-f#-g#-e-d-h-e-h-d-h-f-h-e-h-d-h-c-a-e-a-c-a-e-a-d-a-c-a-h-a-c-a-d-a-e-a-f-a-d-a-e-d-c-h-c-a-g-f-e-d-c-h-c-d-e-c-d-f-e-f-g-h-c-e-d-e-a-f#-a-h-c-h-a-g-f#-e-f#-d#-e-g-a-a#-a-g-f-g-e-f-d-a-h-c-h-a-g#-a-f#-g#-e-d-h-e-h-d-h-f-h-e-h-d-h-c-a-e-a-c-a-e-a-d-a-c-a-h-a-c-a-d-a-e-a-f-a-d-a-e-d-c-h-c-a;0.125-0.125-0.125-0.125-0.125-0.125-0.125-0.125-0.125-0.125-0.125-0.125-0.125-0.125-0.125-0.125-0.125-0.125-0.125-0.125-0.125-0.125-0.125-0.125-0.125-0.125-0.125-0.125-0.125-0.125-0.125-0.125-0.125-0.125-0.125-0.125-0.125-0.125-0.125-0.125-0.125-0.125-0.25-0.25-0.125-0.125-0.125-0.125-0.125-0.125-0.125-0.125-0.125-0.125-0.125-0.125-0.125-0.125-0.125-0.125-0.125-0.125-0.125-0.125-0.125-0.125-0.125-0.125-0.125-0.125-0.125-0.125-0.125-0.125-0.125-0.125-0.125-0.125-0.125-0.125-0.125-0.125-0.125-0.125-0.125-0.125-0.75-0.125-0.125-0.125-0.125-0.125-0.125-0.125-0.125-0.125-0.125-0.125-0.125-0.125-0.125-0.125-0.125-0.125-0.125-0.125-0.125-0.125-0.125-0.125-0.125-0.125-0.125-0.125-0.125-0.125-0.125-0.125-0.125-0.125-0.125-0.125-0.125-0.125-0.125-0.125-0.125-0.125-0.125-0.25-0.25-0.125-0.125-0.125-0.125-0.125-0.125-0.125-0.125-0.125-0.125-0.125-0.125-0.125-0.125-0.125-0.125-0.125-0.125-0.125-0.125-0.125-0.125-0.125-0.125-0.125-0.125-0.125-0.125-0.125-0.125-0.125-0.125-0.125-0.125-0.125-0.125-0.125-0.125-0.125-0.125-0.125-0.125-0.75-0.125-0.125-0.125-0.125-0.125-0.125-0.125-0.125-0.125-0.125-0.125-0.125-0.125-0.125-0.25-0.25-0.25-0.25-0.25-0.25-0.25-0.25-0.125-0.125-0.25-0.25-0.125-0.125-0.125-0.125-0.125-0.125-0.75-0.375-0.0625-0.0625-0.25-0.125-0.125-0.125-0.125-0.125-0.125-0.375-0.0625-0.0625-0.25-0.125-0.125-0.125-0.125-0.125-0.125-0.125-0.125-0.125-0.125-0.125-0.125-0.125-0.125-0.125-0.125-0.125-0.125-0.125-0.125-0.125-0.125-0.125-0.125-0.125-0.125-0.125-0.125-0.125-0.125-0.125-0.125-0.125-0.125-0.125-0.125-0.125-0.125-0.125-0.125-0.125-0.125-0.25-0.125-0.125-0.125-0.125-0.75-0.125-0.125-0.125-0.125-0.125-0.125-0.125-0.125-0.125-0.125-0.125-0.125-0.125-0.125-0.25-0.25-0.25-0.25-0.25-0.25-0.25-0.25-0.125-0.125-0.25-0.25-0.125-0.125-0.125-0.125-0.125-0.125-0.75-0.375-0.0625-0.0625-0.25-0.125-0.125-0.125-0.125-0.125-0.125-0.375-0.0625-0.0625-0.25-0.125-0.125-0.125-0.125-0.125-0.125-0.125-0.125-0.125-0.125-0.125-0.125-0.125-0.125-0.125-0.125-0.125-0.125-0.125-0.125-0.125-0.125-0.125-0.125-0.125-0.125-0.125-0.125-0.125-0.125-0.125-0.125-0.125-0.125-0.125-0.125-0.125-0.125-0.125-0.125-0.125-0.125-0.25-0.125-0.125-0.125-0.125-0.75
Aria-from-Goldberg-Variations;Bach;g-g-a-h-a-f-d-g-g-f#-g-a-g-f#-g-f#-e-d-d-d-e-f-e-c-a-f#-g-f#-a-g-f#-e-d-c-a-c-h-g-f#-g-h-h-c#-d-d-c#-h-a-d-g-g-f#-g-g-e-c#-e-a-g-f#-e-d-a-a-h-c-h-a-g-f#-e-c#-c#-d-e-d-c#-h-a-g-h-c#-d-d-e-d-c#-d-g-g-a-h-a-f-d-g-g-f#-g-a-g-f#-g-f#-e-d-d-d-e-f-e-c-a-f#-g-f#-a-g-f#-e-d-c-a-c-h-g-f#-g-h-h-c#-d-d-c#-h-a-d-g-g-f#-g-g-e-c#-e-a-g-f#-e-d-a-a-h-c-h-a-g-f#-e-c#-c#-d-e-d-c#-h-a-g-h-c#-d-d-e-d-c#-d-a-a-a-a-h-c-d-e-d-h-g-g-e-f#-d#-e-a-h-a-g-a-f#-d#-h-g-f#-e-e-h-c-h-a-h-g-e-f#-d#-e-e-g-f#-e-f#-e-d#-a-g-f#-e-f#-d#-e-e-c-a-h-c-d-c-h-c-h-a-g-a-h-c-d-c-h-c-a-e-a-c-h-a-g-f#-d-c-h-c-a-f#-a-c-e-d-c-h-c-h-a-h-g-d-g-h-g-c-d-e-f-e-d-e-c-g-c-e-c-f#-g-a-c-h-a-h-c-d-g-h-a-g-f#-g-c-h-a-h-d-g-f-g-a-a-a-a-h-c-d-e-d-h-g-g-e-f#-d#-e-a-h-a-g-a-f#-d#-h-g-f#-e-e-h-c-h-a-h-g-e-f#-d#-e-e-g-f#-e-f#-e-d#-a-g-f#-e-f#-d#-e-e-c-a-h-c-d-c-h-c-h-a-g-a-h-c-d-c-h-c-a-e-a-c-h-a-g-f#-d-c-h-c-a-f#-a-c-e-d-c-h-c-h-a-h-g-d-g-h-g-c-d-e-f-e-d-e-c-g-c-e-c-f#-g-a-c-h-a-h-c-d-g-h-a-g-f#-g-c-h-a-h-d-g-f-g;0.25-0.25-0.1875-0.0625-0.125-0.125-0.5-0.25-0.375-0.0625-0.0625-0.03125-0.03125-0.0625-0.03125-0.03125-0.0625-0.5-0.25-0.25-0.1875-0.0625-0.125-0.125-0.375-0.125-0.03125-0.09375-0.03125-0.09375-0.03125-0.09375-0.03125-0.09375-0.1875-0.0625-0.03125-0.09375-0.125-0.5-0.25-0.25-0.1875-0.0625-0.0625-0.0625-0.0625-0.0625-0.5-0.25-0.375-0.0625-0.0625-0.125-0.125-0.375-0.125-0.0625-0.0625-0.0625-0.0625-0.125-0.25-0.03125-0.03125-0.0625-0.0625-0.0625-0.0625-0.0625-0.125-0.25-0.03125-0.03125-0.0625-0.0625-0.0625-0.0625-0.0625-0.125-0.25-0.125-0.125-0.03125-0.03125-0.03125-0.03125-0.5-0.25-0.25-0.1875-0.0625-0.125-0.125-0.5-0.25-0.375-0.0625-0.0625-0.03125-0.03125-0.0625-0.03125-0.03125-0.0625-0.5-0.25-0.25-0.1875-0.0625-0.125-0.125-0.375-0.125-0.03125-0.09375-0.03125-0.09375-0.03125-0.09375-0.03125-0.09375-0.1875-0.0625-0.03125-0.09375-0.125-0.5-0.25-0.25-0.1875-0.0625-0.0625-0.0625-0.0625-0.0625-0.5-0.25-0.375-0.0625-0.0625-0.125-0.125-0.375-0.125-0.0625-0.0625-0.0625-0.0625-0.125-0.25-0.03125-0.03125-0.0625-0.0625-0.0625-0.0625-0.0625-0.125-0.25-0.03125-0.03125-0.0625-0.0625-0.0625-0.0625-0.0625-0.125-0.25-0.125-0.125-0.03125-0.03125-0.03125-0.03125-0.5-0.25-0.25-0.0625-0.03125-0.03125-0.03125-0.03125-0.0625-0.125-0.125-0.375-0.125-0.375-0.03125-0.03125-0.375-0.03125-0.03125-0.03125-0.03125-0.1875-0.0625-0.375-0.125-0.1875-0.0625-0.25-0.0625-0.0625-0.03125-0.03125-0.03125-0.03125-0.03125-0.09375-0.03125-0.09375-0.25-0.0625-0.0625-0.0625-0.0625-0.1875-0.0625-0.125-0.125-0.125-0.125-0.1875-0.03125-0.03125-0.5-0.125-0.125-0.375-0.0625-0.0625-0.03125-0.03125-0.0625-0.03125-0.03125-0.0625-0.375-0.0625-0.0625-0.0625-0.0625-0.0625-0.0625-0.0625-0.0625-0.0625-0.0625-0.0625-0.0625-0.0625-0.0625-0.0625-0.0625-0.0625-0.0625-0.0625-0.0625-0.0625-0.0625-0.0625-0.0625-0.0625-0.0625-0.0625-0.0625-0.0625-0.0625-0.0625-0.0625-0.0625-0.0625-0.0625-0.0625-0.0625-0.0625-0.0625-0.0625-0.0625-0.0625-0.0625-0.0625-0.0625-0.0625-0.0625-0.0625-0.0625-0.0625-0.0625-0.0625-0.0625-0.0625-0.0625-0.0625-0.0625-0.0625-0.0625-0.0625-0.0625-0.0625-0.0625-0.0625-0.0625-0.0625-0.0625-0.0625-0.0625-0.0625-0.25-0.25-0.25-0.0625-0.03125-0.03125-0.03125-0.03125-0.0625-0.125-0.125-0.375-0.125-0.375-0.03125-0.03125-0.375-0.03125-0.03125-0.03125-0.03125-0.1875-0.0625-0.375-0.125-0.1875-0.0625-0.25-0.0625-0.0625-0.03125-0.03125-0.03125-0.03125-0.03125-0.09375-0.03125-0.09375-0.25-0.0625-0.0625-0.0625-0.0625-0.1875-0.0625-0.125-0.125-0.125-0.125-0.1875-0.03125-0.03125-0.5-0.125-0.125-0.375-0.0625-0.0625-0.03125-0.03125-0.0625-0.03125-0.03125-0.0625-0.375-0.0625-0.0625-0.0625-0.0625-0.0625-0.0625-0.0625-0.0625-0.0625-0.0625-0.0625-0.0625-0.0625-0.0625-0.0625-0.0625-0.0625-0.0625-0.0625-0.0625-0.0625-0.0625-0.0625-0.0625-0.0625-0.0625-0.0625-0.0625-0.0625-0.0625-0.0625-0.0625-0.0625-0.0625-0.0625-0.0625-0.0625-0.0625-0.0625-0.0625-0.0625-0.0625-0.0625-0.0625-0.0625-0.0625-0.0625-0.0625-0.0625-0.0625-0.0625-0.0625-0.0625-0.0625-0.0625-0.0625-0.0625-0.0625-0.0625-0.0625-0.0625-0.0625-0.0625-0.0625-0.0625-0.0625-0.0625-0.0625-0.0625-0.0625-0.25
Bist-Du-Bei-Mir;Bach;a-d-d-e-c#-d-g-g-g-f#-a-c#-a-g#-a-e-a-c#-a-g#-a-d-h-h-c#-d-c#-h-a-h-e-g#-a-a-d-d-e-c#-d-g-g-g-f#-a-c#-a-g#-a-e-a-c#-a-g#-a-d-h-h-c#-d-c#-h-a-h-e-g#-a-d-f#-d-c-h-h-g-e-e-d-c-d-d-f#-d-c#-d-a-d-f#-d-c#-d-g-e-e-f#-g-f#-e-d-e-a-c#-d-f#-d-d-c#-h-e-a-a-h-g#-f#-g#-e-h-d-h-a#-h-f#-h-d-h-a#-h-e-d#-e-c#-d-e-d-c#-h-c#-f#-a#-h-e-d-d-e-c#-d-g-g-g-f#-a-c#-a-g#-a-e-a-c#-a-g#-a-d-c#-d-h-c#-d-c#-h-a-h-e-g#-a-g-e-e-d-c#-d-d-f#-d-c#-d-a-d-f#-d-c#-d-g-e-e-f#-g-f#-e-d-e-a-c#-d;0.25-0.25-0.125-0.125-0.5-0.25-0.25-0.25-0.5-0.25-0.125-0.125-0.125-0.125-0.125-0.125-0.125-0.125-0.125-0.125-0.125-0.25-0.25-0.125-0.0625-0.0625-0.1875-0.0625-0.1875-0.0625-0.1875-0.0625-0.75-0.25-0.25-0.125-0.125-0.5-0.25-0.25-0.25-0.5-0.25-0.125-0.125-0.125-0.125-0.125-0.125-0.125-0.125-0.125-0.125-0.125-0.25-0.25-0.125-0.0625-0.0625-0.1875-0.0625-0.1875-0.0625-0.1875-0.0625-0.75-0.25-0.125-0.125-0.125-0.125-0.75-0.25-0.25-0.125-0.125-0.5-0.25-0.125-0.125-0.125-0.125-0.125-0.125-0.125-0.125-0.125-0.125-0.125-0.25-0.25-0.125-0.0625-0.0625-0.1875-0.0625-0.1875-0.0625-0.1875-0.0625-0.75-0.25-0.25-0.125-0.125-0.5-0.25-0.25-0.125-0.125-0.25-0.125-0.125-0.25-0.125-0.125-0.125-0.125-0.125-0.125-0.125-0.125-0.125-0.125-0.125-0.125-0.125-0.25-0.1875-0.03125-0.03125-0.1875-0.0625-0.1875-0.0625-0.1875-0.0625-0.5-0.25-0.25-0.125-0.125-0.5-0.25-0.25-0.25-0.5-0.25-0.125-0.125-0.125-0.125-0.125-0.125-0.125-0.125-0.125-0.125-0.125-0.125-0.125-0.25-0.1875-0.03125-0.03125-0.1875-0.0625-0.1875-0.0625-0.1875-0.0625-0.5-0.25-0.25-0.125-0.125-0.5-0.25-0.125-0.125-0.125-0.125-0.125-0.125-0.125-0.125-0.125-0.125-0.125-0.25-0.25-0.125-0.0625-0.0625-0.1875-0.0625-0.1875-0.0625-0.1875-0.0625-0.5
Arioso-from-Cantata;Bach;h-h-c-d-e-a-a-h-c-d-g-g-e-c-c-a-f#-d-c-h-c-h-a-g-g-g-e-f#-g-a-a-c#-e-g-f#-f#-d-h-a-g-g-h-d-f#-e-e-c#-a-g-f#-a-c#-d-d-d-e-g-h-c#-d-d-h-h-c-d-e-a-a-h-c-d-g-g-e-c-c-a-f#-d-c-h-c-h-a-g-g-g-e-f#-g-a-a-c#-e-g-f#-f#-d-h-a-g-g-h-d-f#-e-e-c#-a-g-f#-a-c#-d-d-d-e-g-h-c#-d-d-f-f-d-h-a-g#-g#-a-h-c-d-e-f-g#-h-d-c-h-a-c-c-h-a-h-g#-a-a-g-f-e-d-c-h-g#-a-h-a-g#-a-h-h-a-a-c-c-h-a-c-h-h-g-a-h-c-d-e-f-g-f-e-f-f-e-a-h-c-f#-e-f#-g-f#-g-a-g-a-h-a-h-c-h-c-a-a-h-c-a-h-d-g-e-d-c-f#-g-h-a-h-h-c-d-e-a-a-h-c-d-g-g-e-c-c-a-f#-d-c-h-c-h-d-h-g-f-e-f-e-e-f#-f#-g-g-f#-g-e-f#-g-g-g-h-e-c#-d-g-c-h-a-g-g-f-f-d-h-a-g#-g#-a-h-c-d-e-f-g#-h-d-c-h-a-c-c-h-a-h-g#-a-a-g-f-e-d-c-h-g#-a-h-a-g#-a-h-h-a-a-c-c-h-a-c-h-h-g-a-h-c-d-e-f-g-f-e-f-f-e-a-h-c-f#-e-f#-g-f#-g-a-g-a-h-a-h-c-h-c-a-a-h-c-a-h-d-g-e-d-c-f#-g-h-a-h-h-c-d-e-a-a-h-c-d-g-g-e-c-c-a-f#-d-c-h-c-h-d-h-g-f-e-f-e-e-f#-f#-g-g-f#-g-e-f#-g-g-g-h-e-c#-d-g-c-h-a-g-g;0.5-0.125-0.125-0.125-0.125-0.5-0.125-0.125-0.125-0.125-0.25-0.125-0.125-0.5-0.125-0.125-0.125-0.125-0.25-0.125-0.125-0.25-0.125-0.125-0.5-0.125-0.125-0.125-0.125-0.5-0.125-0.125-0.125-0.125-0.5-0.125-0.125-0.125-0.125-0.5-0.125-0.125-0.125-0.125-0.5-0.125-0.125-0.125-0.125-0.125-0.125-0.125-0.125-0.5-0.125-0.125-0.125-0.125-0.375-0.125-0.75-0.5-0.125-0.125-0.125-0.125-0.5-0.125-0.125-0.125-0.125-0.25-0.125-0.125-0.5-0.125-0.125-0.125-0.125-0.25-0.125-0.125-0.25-0.125-0.125-0.5-0.125-0.125-0.125-0.125-0.5-0.125-0.125-0.125-0.125-0.5-0.125-0.125-0.125-0.125-0.5-0.125-0.125-0.125-0.125-0.5-0.125-0.125-0.125-0.125-0.125-0.125-0.125-0.125-0.5-0.125-0.125-0.125-0.125-0.375-0.125-0.75-0.5-0.125-0.125-0.125-0.125-0.5-0.125-0.125-0.125-0.125-0.125-0.125-0.125-0.125-0.25-0.25-0.25-0.125-0.125-0.5-0.125-0.125-0.125-0.0625-0.0625-0.5-0.125-0.125-0.125-0.125-0.125-0.125-0.125-0.125-0.125-0.04166-0.04166-0.04166-0.1775-0.0625-0.375-0.125-0.75-0.5-0.125-0.125-0.125-0.125-0.5-0.125-0.125-0.125-0.125-0.125-0.125-0.125-0.125-0.125-0.0625-0.0625-0.25-0.25-0.25-0.125-0.125-0.125-0.08333-0.08333-0.08333-0.08333-0.08333-0.08333-0.08333-0.08333-0.08333-0.08333-0.08333-0.08333-0.08333-0.08333-0.08333-0.25-0.125-0.125-0.125-0.125-0.125-0.125-0.125-0.125-0.125-0.125-0.125-0.125-0.25-0.25-0.5-0.125-0.125-0.125-0.125-0.5-0.125-0.125-0.125-0.125-0.25-0.125-0.125-0.5-0.125-0.125-0.125-0.125-0.25-0.125-0.125-0.125-0.125-0.125-0.125-0.25-0.125-0.125-0.5-0.125-0.125-0.125-0.125-0.125-0.125-0.125-0.125-0.375-0.125-0.5-0.125-0.125-0.125-0.125-0.125-0.125-0.125-0.125-0.375-0.125-0.75-0.5-0.125-0.125-0.125-0.125-0.5-0.125-0.125-0.125-0.125-0.125-0.125-0.125-0.125-0.25-0.25-0.25-0.125-0.125-0.5-0.125-0.125-0.125-0.0625-0.0625-0.5-0.125-0.125-0.125-0.125-0.125-0.125-0.125-0.125-0.125-0.04166-0.04166-0.04166-0.1775-0.0625-0.375-0.125-0.75-0.5-0.125-0.125-0.125-0.125-0.5-0.125-0.125-0.125-0.125-0.125-0.125-0.125-0.125-0.125-0.0625-0.0625-0.25-0.25-0.25-0.125-0.125-0.125-0.08333-0.08333-0.08333-0.08333-0.08333-0.08333-0.08333-0.08333-0.08333-0.08333-0.08333-0.08333-0.08333-0.08333-0.08333-0.25-0.125-0.125-0.125-0.125-0.125-0.125-0.125-0.125-0.125-0.125-0.125-0.125-0.25-0.25-0.5-0.125-0.125-0.125-0.125-0.5-0.125-0.125-0.125-0.125-0.25-0.125-0.125-0.5-0.125-0.125-0.125-0.125-0.25-0.125-0.125-0.125-0.125-0.125-0.125-0.25-0.125-0.125-0.5-0.125-0.125-0.125-0.125-0.125-0.125-0.125-0.125-0.375-0.125-0.5-0.125-0.125-0.125-0.125-0.125-0.125-0.125-0.125-0.375-0.125-1
Prelude-No.1-from-48-Preludes-and-Fugues;Bach;c-e-g-c-e-g-c-e-c-e-g-c-e-g-c-e-c-d-a-d-f-a-d-f-c-d-a-d-f-a-d-f-h-d-g-d-f-g-d-f-h-d-g-d-f-g-d-f-c-e-g-c-e-g-c-e-c-e-g-c-e-g-c-e-c-e-a-e-a-a-e-a-c-e-a-e-a-a-e-a-c-d-f#-a-d-f#-a-d-c-d-f#-a-d-f#-a-d-h-d-g-d-g-g-d-g-h-d-g-d-g-g-d-g-h-c-e-g-c-e-g-c-h-c-e-g-c-e-g-c-a-c-e-g-c-e-g-c-a-c-e-g-c-e-g-c-d-a-d-f#-a-d-f#-a-d-a-d-f#-c-d-f#-c-g-h-d-g-h-d-g-h-g-h-d-g-h-d-g-h-g-a#-e-g-c#-e-g-c#-g-a#-e-g-c#-e-g-c#-f-a-d-a-d-d-a-d-f-a-d-a-d-d-a-d-f-g#-d-f-h-d-f-h-f-g#-d-f-h-d-f-h-e-g-c-g-c-c-g-c-e-g-c-g-c-c-g-c-e-f-a-c-f-a-c-f-e-f-a-c-f-a-c-f-d-f-a-c-f-a-c-f-d-f-a-c-f-a-c-f-g-d-g-h-f-g-h-f-g-d-g-h-f-g-h-f-c-e-g-c-e-g-c-e-c-e-g-c-e-g-c-e-c-g-a#-c-e-a#-c-e-c-g-a#-c-e-a#-c-e-f-e-a-c-e-a-c-e-f-e-a-c-e-a-c-e-f#-f#-a-c-d#-a-c-d#-f#-f#-a-c-d#-a-c-d#-g#-f-h-c-d-h-c-d-g#-f-h-c-d-h-c-d-g-f-g-h-d-g-h-d-g-f-g-h-d-g-h-d-g-e-g-c-e-g-c-e-g-e-g-c-e-g-c-e-g-d-g-c-f-g-c-f-g-d-g-c-f-g-c-f-g-d-g-h-f-g-h-f-g-d-g-h-f-g-h-f-g-d#-a-c-f#-a-c-f#-g-d#-a-c-f#-a-c-f#-g-e-g-c-g-g-c-g-g-e-g-c-g-g-c-g-g-d-g-c-f-g-c-f-g-d-g-c-f-g-c-f-g-d-g-h-f-g-h-f-g-d-g-h-f-g-h-f-c-c-g-a#-e-g-a#-e-c-c-g-a#-e-g-a#-e-f-f-f-a-c-f-c-a-c-a-f-a-f-d-f-d-f-f-g-h-d-f-d-h-d-h-g-h-d-f-e-d-c;0.0625-0.0625-0.0625-0.0625-0.0625-0.0625-0.0625-0.0625-0.0625-0.0625-0.0625-0.0625-0.0625-0.0625-0.0625-0.0625-0.0625-0.0625-0.0625-0.0625-0.0625-0.0625-0.0625-0.0625-0.0625-0.0625-0.0625-0.0625-0.0625-0.0625-0.0625-0.0625-0.0625-0.0625-0.0625-0.0625-0.0625-0.0625-0.0625-0.0625-0.0625-0.0625-0.0625-0.0625-0.0625-0.0625-0.0625-0.0625-0.0625-0.0625-0.0625-0.0625-0.0625-0.0625-0.0625-0.0625-0.0625-0.0625-0.0625-0.0625-0.0625-0.0625-0.0625-0.0625-0.0625-0.0625-0.0625-0.0625-0.0625-0.0625-0.0625-0.0625-0.0625-0.0625-0.0625-0.0625-0.0625-0.0625-0.0625-0.0625-0.0625-0.0625-0.0625-0.0625-0.0625-0.0625-0.0625-0.0625-0.0625-0.0625-0.0625-0.0625-0.0625-0.0625-0.0625-0.0625-0.0625-0.0625-0.0625-0.0625-0.0625-0.0625-0.0625-0.0625-0.0625-0.0625-0.0625-0.0625-0.0625-0.0625-0.0625-0.0625-0.0625-0.0625-0.0625-0.0625-0.0625-0.0625-0.0625-0.0625-0.0625-0.0625-0.0625-0.0625-0.0625-0.0625-0.0625-0.0625-0.0625-0.0625-0.0625-0.0625-0.0625-0.0625-0.0625-0.0625-0.0625-0.0625-0.0625-0.0625-0.0625-0.0625-0.0625-0.0625-0.0625-0.0625-0.0625-0.0625-0.0625-0.0625-0.0625-0.0625-0.0625-0.0625-0.0625-0.0625-0.0625-0.0625-0.0625-0.0625-0.0625-0.0625-0.0625-0.0625-0.0625-0.0625-0.0625-0.0625-0.0625-0.0625-0.0625-0.0625-0.0625-0.0625-0.0625-0.0625-0.0625-0.0625-0.0625-0.0625-0.0625-0.0625-0.0625-0.0625-0.0625-0.0625-0.0625-0.0625-0.0625-0.0625-0.0625-0.0625-0.0625-0.0625-0.0625-0.0625-0.0625-0.0625-0.0625-0.0625-0.0625-0.0625-0.0625-0.0625-0.0625-0.0625-0.0625-0.0625-0.0625-0.0625-0.0625-0.0625-0.0625-0.0625-0.0625-0.0625-0.0625-0.0625-0.0625-0.0625-0.0625-0.0625-0.0625-0.0625-0.0625-0.0625-0.0625-0.0625-0.0625-0.0625-0.0625-0.0625-0.0625-0.0625-0.0625-0.0625-0.0625-0.0625-0.0625-0.0625-0.0625-0.0625-0.0625-0.0625-0.0625-0.0625-0.0625-0.0625-0.0625-0.0625-0.0625-0.0625-0.0625-0.0625-0.0625-0.0625-0.0625-0.0625-0.0625-0.0625-0.0625-0.0625-0.0625-0.0625-0.0625-0.0625-0.0625-0.0625-0.0625-0.0625-0.0625-0.0625-0.0625-0.0625-0.0625-0.0625-0.0625-0.0625-0.0625-0.0625-0.0625-0.0625-0.0625-0.0625-0.0625-0.0625-0.0625-0.0625-0.0625-0.0625-0.0625-0.0625-0.0625-0.0625-0.0625-0.0625-0.0625-0.0625-0.0625-0.0625-0.0625-0.0625-0.0625-0.0625-0.0625-0.0625-0.0625-0.0625-0.0625-0.0625-0.0625-0.0625-0.0625-0.0625-0.0625-0.0625-0.0625-0.0625-0.0625-0.0625-0.0625-0.0625-0.0625-0.0625-0.0625-0.0625-0.0625-0.0625-0.0625-0.0625-0.0625-0.0625-0.0625-0.0625-0.0625-0.0625-0.0625-0.0625-0.0625-0.0625-0.0625-0.0625-0.0625-0.0625-0.0625-0.0625-0.0625-0.0625-0.0625-0.0625-0.0625-0.0625-0.0625-0.0625-0.0625-0.0625-0.0625-0.0625-0.0625-0.0625-0.0625-0.0625-0.0625-0.0625-0.0625-0.0625-0.0625-0.0625-0.0625-0.0625-0.0625-0.0625-0.0625-0.0625-0.0625-0.0625-0.0625-0.0625-0.0625-0.0625-0.0625-0.0625-0.0625-0.0625-0.0625-0.0625-0.0625-0.0625-0.0625-0.0625-0.0625-0.0625-0.0625-0.0625-0.0625-0.0625-0.0625-0.0625-0.0625-0.0625-0.0625-0.0625-0.0625-0.0625-0.0625-0.0625-0.0625-0.0625-0.0625-0.0625-0.0625-0.0625-0.0625-0.0625-0.0625-0.0625-0.0625-0.0625-0.0625-0.0625-0.0625-0.0625-0.0625-0.0625-0.0625-0.0625-0.0625-0.0625-0.0625-0.0625-0.0625-0.0625-0.0625-0.0625-0.0625-0.0625-0.0625-0.0625-0.0625-0.0625-0.0625-0.0625-0.0625-0.0625-0.0625-0.0625-0.0625-0.0625-0.0625-0.0625-0.0625-0.0625-0.0625-0.0625-0.0625-0.0625-0.0625-0.0625-0.0625-0.0625-0.0625-0.0625-0.0625-0.0625-0.0625-0.0625-0.0625-0.0625-0.0625-0.0625-0.0625-0.0625-0.0625-0.0625-0.0625-0.0625-0.0625-0.0625-0.0625-0.0625-0.0625-0.0625-0.0625-0.0625-0.0625-0.0625-0.0625-0.0625-0.0625-0.0625-0.0625-0.0625-0.0625-0.0625-0.0625-0.0625-0.0625-0.0625-0.0625-0.0625-0.0625-0.0625-0.0625-0.0625-0.0625-0.0625-0.0625-0.0625-0.0625-0.0625-0.0625-0.0625-0.0625-0.0625-0.0625-0.0625-0.0625-0.0625-0.0625-0.0625-0.0625-0.0625-0.0625-0.0625-0.0625-0.0625-0.0625-0.0625-0.0625-0.0625-0.0625-0.0625-0.0625-0.0625-0.0625-0.0625-0.0625-0.0625-0.0625-0.0625-0.0625-0.0625-0.0625-0.0625-1
Minuet;Bach;d-g-a-h-c-d-g-g-e-c-d-e-f#-g-g-g-c-d-c-h-a-h-c-h-a-g-f#-g-a-h-g-a-d-g-a-h-c-d-g-g-e-c-d-e-f#-g-g-g-c-d-c-h-a-h-c-h-a-g-a-h-a-g-f#-g-d-g-a-h-c-d-g-g-e-c-d-e-f#-g-g-g-c-d-c-h-a-h-c-h-a-g-f#-g-a-h-g-a-d-g-a-h-c-d-g-g-e-c-d-e-f#-g-g-g-c-d-c-h-a-h-c-h-a-g-a-h-a-g-f#-g-h-g-a-h-g-a-d-e-f#-d-g-e-f#-g-d-c#-g-c#-a-a-h-c#-d-e-f#-g-f#-e-f#-a-c#-d-d-g-f#-g-e-g-f#-g-d-c-h-a-g-f#-g-a-d-e-f#-g-a-h-c-h-a-h-d-g-f#-g-h-g-a-h-g-a-d-e-f#-d-g-e-f#-g-d-c#-g-c#-a-a-h-c#-d-e-f#-g-f#-e-f#-a-c#-d-d-g-f#-g-e-g-f#-g-d-c-h-a-g-f#-g-a-d-e-f#-g-a-h-c-h-a-h-d-g-f#-g;0.25-0.125-0.125-0.125-0.125-0.25-0.25-0.25-0.25-0.125-0.125-0.125-0.125-0.25-0.25-0.25-0.25-0.125-0.125-0.125-0.125-0.25-0.125-0.125-0.125-0.125-0.25-0.125-0.125-0.125-0.125-0.75-0.25-0.125-0.125-0.125-0.125-0.25-0.25-0.25-0.25-0.125-0.125-0.125-0.125-0.25-0.25-0.25-0.25-0.125-0.125-0.125-0.125-0.25-0.125-0.125-0.125-0.125-0.25-0.125-0.125-0.125-0.125-0.75-0.25-0.125-0.125-0.125-0.125-0.25-0.25-0.25-0.25-0.125-0.125-0.125-0.125-0.25-0.25-0.25-0.25-0.125-0.125-0.125-0.125-0.25-0.125-0.125-0.125-0.125-0.25-0.125-0.125-0.125-0.125-0.75-0.25-0.125-0.125-0.125-0.125-0.25-0.25-0.25-0.25-0.125-0.125-0.125-0.125-0.25-0.25-0.25-0.25-0.125-0.125-0.125-0.125-0.25-0.125-0.125-0.125-0.125-0.25-0.125-0.125-0.125-0.125-0.75-0.25-0.125-0.125-0.125-0.125-0.25-0.125-0.125-0.125-0.125-0.25-0.125-0.125-0.125-0.125-0.25-0.125-0.125-0.25-0.125-0.125-0.125-0.125-0.125-0.125-0.25-0.25-0.25-0.25-0.25-0.25-0.75-0.25-0.125-0.125-0.25-0.25-0.125-0.125-0.25-0.25-0.25-0.25-0.125-0.125-0.125-0.125-0.25-0.125-0.125-0.125-0.125-0.125-0.125-0.25-0.25-0.25-0.125-0.125-0.25-0.25-0.75-0.25-0.125-0.125-0.125-0.125-0.25-0.125-0.125-0.125-0.125-0.25-0.125-0.125-0.125-0.125-0.25-0.125-0.125-0.25-0.125-0.125-0.125-0.125-0.125-0.125-0.25-0.25-0.25-0.25-0.25-0.25-0.75-0.25-0.125-0.125-0.25-0.25-0.125-0.125-0.25-0.25-0.25-0.25-0.125-0.125-0.125-0.125-0.25-0.125-0.125-0.125-0.125-0.125-0.125-0.25-0.25-0.25-0.125-0.125-0.25-0.25-0.75
Sonata-no.-5-BWV-1034;Bach;a-a-h-a-g-f#-g-e-d-h-g-e-c#-e-d-c#-a-a-f#-d-h-c#-d-g-g-e-g-e-f#-g-e-f#-g-a-f#-d-c#-d-e-f#-g-a-g-f#-g-f#-e-f#-g-a-h-c#-d-e-f#-c#-e-d-g-f#-e-d-c#-d-c#-f#-e-d-c#-h-a-h-c#-h-a-g-f#-e-d-c#-d-e-c#-a-g-f#-e-f#-a-d-h-c#-d-d-f#-e-g-f#-e-f#-d-a-a-h-a-g#-a-h-c#-d-e-f#-g-e-a#-h-c#-a-h-h-f#-e-f#-g#-a#-h-c#-d-c#-h-c#-d-d-h-a#-h-c#-d-e-f#-g-a-f#-d#-e-d#-c#-d#-d#-e-e-e-d-c#-d-h-a#-h-d-d-c-h-c-h-a#-h-e-e-d-c#-d-e-f#-g-f#-e-a#-g-f#-f#-g-f#-e-d-c#-d-h-f#-h-c#-d-f#-e-d-c#-d-c#-d-h-f#-h-c#-d-e-d-c#-h-c#-c#-d-e-f#-d-c#-h-h-d-c#-h-g#-h-a-f#-f-f#-c#-f#-g#-a-c#-h-a-g#-a-g#-a-f#-c#-f#-g#-a-c#-h-a-g#-f#-d-d-g#-a-f#-f-c#-c#-f#-f-f#-d-c#-h-a-g#-h-f-d-c#-h-a-g#-h-a-g#-f#-g#-f#-f#-e-d-c#-d-a-h-c#-d-e-f#-a-g-a-a-h-a-g-f#-g-e-d-c#-h-d-f#-a-h-g-e-d-c#-h-c#-e-a-c#-e-g-a-f#-e-d-h-a-g-f#-e-d-c#-d-e-g-f#-g-e-f#-g-a-f#-h-a-h-g-f#-e-f#-g-f#-g-e-d-d-h-e-f#-g-e-d-c#-c#-a-d-e-f#-d-c#-h-e-g-c#-e-a-a-g-f#-e-f#-d-d-c#-d-d;0.75-0.1875-0.0625-0.1875-0.0625-0.125-0.0625-0.0625-0.25-0.0625-0.0625-0.0625-0.0625-0.0625-0.0625-0.0625-0.25-0.0625-0.0625-0.0625-0.1875-0.03125-0.03125-0.25-0.0625-0.0625-0.0625-0.0625-0.1875-0.0625-0.1875-0.0625-0.1875-0.0625-0.125-0.0625-0.0625-0.0625-0.0625-0.0625-0.0625-0.0625-0.0625-0.0625-0.0625-0.0625-0.0625-0.0625-0.0625-0.0625-0.0625-0.0625-0.0625-0.0625-0.0625-0.0625-0.0625-0.375-0.0625-0.0625-0.0625-0.0625-0.0625-0.0625-0.375-0.0625-0.0625-0.0625-0.0625-0.0625-0.0625-0.0625-0.0625-0.0625-0.0625-0.0625-0.0625-0.0625-0.0625-0.0625-0.0625-0.0625-0.0625-0.0625-0.0625-0.0625-0.0625-0.0625-0.0625-0.0625-0.0625-0.1875-0.0625-0.25-0.1875-0.0625-0.0625-0.0625-0.0625-0.03125-0.03125-0.75-0.0625-0.0625-0.0625-0.0625-0.0625-0.0625-0.0625-0.0625-0.0625-0.0625-0.0625-0.0625-0.1875-0.03125-0.03125-0.375-0.125-0.125-0.0625-0.0625-0.0625-0.0625-0.0625-0.0625-0.0625-0.03125-0.03125-0.0625-0.0625-0.75-0.125-0.0625-0.0625-0.0625-0.0625-0.0625-0.0625-0.0625-0.0625-0.0625-0.0625-0.125-0.03125-0.03125-0.03125-0.03125-0.375-0.125-0.75-0.125-0.0625-0.0625-0.0625-0.0625-0.0625-0.0625-0.25-0.125-0.0625-0.0625-0.0625-0.0625-0.0625-0.0625-0.25-0.0625-0.0625-0.0625-0.0625-0.0625-0.0625-0.0625-0.0625-0.0625-0.0625-0.0625-0.0625-0.1875-0.0625-0.1875-0.0625-0.1875-0.0625-0.1875-0.0625-0.0625-0.0625-0.0625-0.0625-0.0625-0.0625-0.0625-0.0625-0.0625-0.0625-0.0625-0.0625-0.0625-0.0625-0.0625-0.0625-0.0625-0.0625-0.0625-0.0625-0.375-0.125-0.0625-0.03125-0.03125-0.0625-0.0625-0.25-0.0625-0.0625-0.0625-0.0625-0.1875-0.0625-0.0625-0.0625-0.0625-0.0625-0.0625-0.0625-0.0625-0.0625-0.0625-0.0625-0.0625-0.0625-0.0625-0.0625-0.0625-0.0625-0.0625-0.0625-0.0625-0.0625-0.0625-0.0625-0.0625-0.0625-0.25-0.25-0.0625-0.0625-0.0625-0.0625-0.25-0.25-0.0625-0.0625-0.0625-0.0625-0.1875-0.0625-0.0625-0.0625-0.0625-0.0625-0.0625-0.0625-0.0625-0.0625-0.0625-0.0625-0.125-0.25-0.0625-0.0625-0.125-0.25-0.0625-0.0625-0.0625-0.0625-0.03125-0.03125-0.03125-0.03125-0.03125-0.03125-0.03125-0.015625-0.015625-0.75-0.1875-0.0625-0.1875-0.0625-0.125-0.0625-0.0625-0.1875-0.0625-0.0625-0.0625-0.0625-0.0625-0.0625-0.0625-0.0625-0.0625-0.0625-0.0625-0.0625-0.0625-0.0625-0.0625-0.0625-0.0625-0.0625-0.0625-0.0625-0.0625-0.1875-0.0625-0.0625-0.0625-0.0625-0.0625-0.0625-0.0625-0.0625-0.0625-0.1875-0.0625-0.1875-0.0625-0.1875-0.0625-0.25-0.125-0.125-0.0625-0.0625-0.25-0.0625-0.03125-0.03125-0.125-0.0625-0.0625-0.25-0.0625-0.0625-0.0625-0.03125-0.03125-0.0625-0.0625-0.25-0.0625-0.0625-0.0625-0.03125-0.03125-0.0625-0.0625-0.25-0.0625-0.0625-0.0625-0.0625-0.125-0.0625-0.03125-0.03125-0.03125-0.03125-0.03125-0.25-0.1875-0.0625-0.75
Violin-Concerto-BWW-1056;Bach;c#-c#-d-e-f#-h-h-c#-d-e-a-a-f#-d-d-e-d-c#-d-h-g#-e-d-c#-d-d-c#-h-a-a-a-g#-f#-g#-a-h-h-d#-f#-a-g#-g#-f#-e-d#-c#-d-a-a-h-a-g#-a-c#-e-g#-f#-f#-e-d#-e-f#-d-h-a-g#-h-d-f#-e-e-f#-g#-a-g#-a-c#-d#-e-e-g-g-e-c#-h-a#-a#-h-c#-d-e-f#-g-a#-c#-e-e-f#-g#-f#-e-d-c#-h-d#-f#-f#-e-f#-d-c#-h-a#-h-f#-f#-d#-e-e-f#-g-f#-e-c#-e-d-c#-d-f#-h-c#-c#-h-h-d-d-e-d-c#-d-h-c#-c#-a-h-c#-d-e-d-c#-d-e-f#-g-a-g-f#-g-c#-g-g#-f#-h-c#-d-g#-f#-g#-a-g#-a-h-c#-h-a-h-c#-d-c#-d-h-h-c#-d-e-d-c#-h-c#-e-a-f#-e-d-g#-a-c#-h-c#-c#-h-d-c#-e-d-f#-f#-h-h-a-c#-h-d-c#-d-e-a-a-f#-d-d-h-g#-e-e-d-c#-d-c#-d-e-d-c#-h-a-g#-a-g-f#-g-f#-g#-g#-a-a-a-h-a-g#-a-d-h-g#-a-a-c#-f#-d#-e-e-e-e-f#-g#-a-f#-c#-d-c#-h-c#-d#-g#-a-h-h-a-h-c#-c#-h-a-g#-a-c#-f-f#-f#-g#-f#-f-f#-c#-h-c#-c#-c#;0.5-0.125-0.125-0.125-0.125-0.5-0.125-0.125-0.125-0.125-0.25-0.125-0.125-0.25-0.0625-0.0625-0.0625-0.0625-0.125-0.125-0.125-0.125-0.25-0.125-0.125-0.125-0.125-0.125-0.125-0.5-0.125-0.0625-0.0625-0.125-0.125-0.5-0.125-0.125-0.125-0.125-0.5-0.0625-0.0625-0.0625-0.0625-0.125-0.125-0.25-0.0625-0.0625-0.0625-0.0625-0.125-0.125-0.125-0.125-0.5-0.0625-0.0625-0.0625-0.0625-0.0625-0.0625-0.0625-0.0625-0.125-0.125-0.125-0.125-0.5-0.125-0.0625-0.0625-0.0625-0.0625-0.0625-0.0625-0.375-0.125-0.5-0.5-0.125-0.125-0.125-0.125-0.5-0.125-0.125-0.125-0.125-0.125-0.125-0.125-0.125-0.125-0.125-0.0625-0.0625-0.0625-0.0625-0.125-0.125-0.125-0.125-0.375-0.125-0.0625-0.0625-0.125-0.1875-0.03125-0.03125-0.03125-0.375-0.125-0.0625-0.0625-0.125-0.0625-0.03125-0.03125-0.0625-0.0625-0.375-2.66667-2.66667-2.66667-0.125-0.125-0.125-0.125-0.375-0.125-0.5-0.5-0.0625-0.0625-0.0625-0.0625-0.125-0.125-0.5-0.125-0.125-0.125-0.125-0.0625-0.0625-0.0625-0.0625-0.0625-0.0625-0.0625-0.0625-0.125-0.0625-0.0625-0.0625-0.0625-0.125-0.25-0.25-0.125-0.125-0.125-0.0833-0.0833-0.0833-0.0833-0.0833-0.0833-0.0833-0.0833-0.0833-0.0833-0.0833-0.0833-0.0833-0.0833-0.0833-0.25-0.0625-0.0625-0.0625-0.0625-0.0625-0.0625-0.125-0.125-0.125-0.125-0.125-0.125-0.125-0.125-0.125-0.25-0.25-0.5-0.0625-0.0625-0.0625-0.0625-0.0625-0.0625-0.125-0.125-0.375-0.0625-0.0625-0.0625-0.0625-0.0625-0.0625-0.125-0.125-0.125-0.125-0.125-0.5-0.125-0.125-0.125-0.125-0.125-0.125-0.125-0.125-0.0625-0.0625-0.0625-0.0625-0.0625-0.0625-0.0625-0.0625-0.25-0.0625-0.0625-0.125-0.125-0.125-0.125-0.125-0.5-0.0625-0.0625-0.0625-0.0625-0.0625-0.0625-0.125-0.375-0.125-0.125-0.125-0.0625-0.0625-0.125-0.375-0.125-0.125-0.0625-0.0625-0.0625-0.0625-0.125-0.1875-0.0625-0.0625-0.0625-0.125-0.125-0.0625-0.0625-0.0625-0.0625-0.125-0.25-0.03125-0.03125-0.03125-0.03125-0.03125-0.03125-0.0625-0.125-0.1875-0.03125-0.03125-0.0625-0.0625-0.25-0.1875-0.0625-1-1
Symphony-No.-39;Mozart;g-g#-a#-g#-g-f-d#-f-a#-c-d-d#-d-c-a#-g#-g-g#-a#-g-g#-a#-c-d-d#-f-g-g#-f-d#-d-c-a#-d#-f-g-g#-g#-g-g-f-d-d#-c-a#-g-g#-a#-g#-g-f-d#-f-a#-c-d-d#-d-c-a#-g#-g-g#-a#-g-g#-a#-c-d-d#-f-g-g#-f-d#-d-c-a#-a#-g#-f-d-d#-a#-c-g#-g-a#-g#-f-d#-a#-g-a#-d#-g-a#-g-d#-a#-g-a#-d#-g-a#-g-f-c-g#-c-f-g#-c-g#-f-c-g#-c-f-g#-c-g#-d-a#-g#-a#-g#-a#-g#-a#-g#-g-f-d#-d-c-a#-g#-g-d#-a#-g-f-c-g#-f-d#-a#-g-d#-d-g#-f-d#-d#-a#-g-a#-d#-g-a#-g-d#-a#-g-a#-d#-g-a#-g-f-c-g#-c-f-g#-c-g#-f-c-g#-c-f-g#-c-g#-d-a#-g#-a#-g#-a#-g#-a#-g#-g-f-d#-d-c-a#-g#-g-d#-g-d#-g-d#-g-d#-g-f-d#-d-c-a#-g#-g-f-c-a-c-a-c-a-c-a-g-f-d#-d-c-a#-a-a#-f-a#-f-a#-f-a#-f-a#-a-g-f-d#-d-c-a#-e-g-a#-g-a#-g-a#-g-a#-a-g-f-e-d-c-a#-a-a-g-f-e-a#-g-e-f-a-g-f-e-a#-g-e-f-f-f-f-f-f-d-d#-f-d#-d-c-a#-f-f-f-f-g-a-a#-a-g-f-d#-d#-d-d-c-c-a#-a#-a-c-d-d#-f-d#-d-c-a#-f-f-f-f-g-a-a#-g#-f#-f-d#-d#-c#-c#-h-h-h-h-g#-g#-f-h-a#-c#-a#-a#-f#-c#-h-h-g#-g#-f-h-a-c#-a-a-f#-a-c-c-c-c-a-h-h-h-h-a-a#-a#-a#-a#-a#-a-c-a#-c-d-a#-a#-c-c-a-a-a#-d-d#-a#-e-f-a#-f#-g-g#-g#-g#-g#-g#-g-a#-a#-a#-a#-a#-c#-c#-c#-c#-d-c#-d-c#-d-c#-d-c#-d-c#-d-c#-d-c#-d-c#-d-c-a#-a-g-f-d#-d-d-c-a#-a-g-f-d#-d-d-a-h-c-a-a#-d-d#-c-a#-d-d#-f-d#-d-c-a#-a-a#-c-a#-a-g-f-g-a-a#-c-d-d#-f-a#-a-a#-a-a#-a-a#-a-a#-a-a#-a-a#-a-a#-d-d#-f-d#-d-c-a#-a-a#-c-a#-a-g-f-g-a-a#-c-d-d#-f-a#-a-a#-a-a#-a-a#-a-a#-a-a#-a-a#-a-a#-a#-a#-a#-a#-a#-a#-a#-a#-a#-a-a#-f-d-f-d#-f-a-f-a#-f-d-f-d#-f-a-f-a#-a#-a#-a#-a#-a#-g-g#-a#-g#-g-f-d#-f-a#-c-d-d#-d-c-a#-g#-g-g#-a#-g-g#-a#-c-d-d#-f-g-g#-f-d#-d-c-a#-d#-f-g-g#-g#-g-g-f-d-d#-c-a#-g-g#-a#-g#-g-f-d#-f-a#-c-d-d#-d-c-a#-g#-g-g#-a#-g-g#-a#-c-d-d#-f-g-g#-f-d#-d-c-a#-a#-g#-f-d-d#-a#-c-g#-g-a#-g#-f-d#-a#-g-a#-d#-g-a#-g-d#-a#-g-a#-d#-g-a#-g-f-c-g#-c-f-g#-c-g#-f-c-g#-c-f-g#-c-g#-d-a#-g#-a#-g#-a#-g#-a#-g#-g-f-d#-d-c-a#-g#-g-d#-a#-g-f-c-g#-f-d#-a#-g-d#-d-g#-f-d#-d#-a#-g-a#-d#-g-a#-g-d#-a#-g-a#-d#-g-a#-g-f-c-g#-c-f-g#-c-g#-f-c-g#-c-f-g#-c-g#-d-a#-g#-a#-g#-a#-g#-a#-g#-g-f-d#-d-c-a#-g#-g-d#-g-d#-g-d#-g-d#-g-f-d#-d-c-a#-g#-g-f-c-a-c-a-c-a-c-a-g-f-d#-d-c-a#-a-a#-f-a#-f-a#-f-a#-f-a#-a-g-f-d#-d-c-a#-e-g-a#-g-a#-g-a#-g-a#-a-g-f-e-d-c-a#-a-a-g-f-e-a#-g-e-f-a-g-f-e-a#-g-e-f-f-f-f-f-f-d-d#-f-d#-d-c-a#-f-f-f-f-g-a-a#-a-g-f-d#-d#-d-d-c-c-a#-a#-a-c-d-d#-f-d#-d-c-a#-f-f-f-f-g-a-a#-g#-f#-f-d#-d#-c#-c#-h-h-h-h-g#-g#-f-h-a#-c#-a#-a#-f#-c#-h-h-g#-g#-f-h-a-c#-a-a-f#-a-c-c-c-c-a-h-h-h-h-a-a#-a#-a#-a#-a#-a-c-a#-c-d-a#-a#-c-c-a-a-a#-d-d#-a#-e-f-a#-f#-g-g#-g#-g#-g#-g#-g-a#-a#-a#-a#-a#-c#-c#-c#-c#-d-c#-d-c#-d-c#-d-c#-d-c#-d-c#-d-c#-d-c#-d-c-a#-a-g-f-d#-d-d-c-a#-a-g-f-d#-d-d-a-h-c-a-a#-d-d#-c-a#-d-d#-f-d#-d-c-a#-a-a#-c-a#-a-g-f-g-a-a#-c-d-d#-f-a#-a-a#-a-a#-a-a#-a-a#-a-a#-a-a#-a-a#-d-d#-f-d#-d-c-a#-a-a#-c-a#-a-g-f-g-a-a#-c-d-d#-f-a#-a-a#-a-a#-a-a#-a-a#-a-a#-a-a#-a-a#-a#-a#-a#-a#-a#-a#-a#-a#-a#-a-a#-f-d-f-d#-f-a-f-a#-f-d-f-d#-f-a-f-a#-a#-a#-a#-a#-a#;0.0625-0.0625-0.0625-0.0625-0.0625-0.0625-0.125-0.125-0.375-0.0625-0.0625-0.0625-0.0625-0.0625-0.0625-0.0625-0.0625-0.0625-0.0625-0.375-0.0625-0.0625-0.125-0.0625-0.0625-0.0625-0.0625-0.0625-0.0625-0.0625-0.0625-0.0625-0.0625-0.125-0.0625-0.0625-0.125-0.125-0.125-0.125-0.0625-0.0625-0.0625-0.0625-0.125-0.0625-0.0625-0.0625-0.0625-0.0625-0.0625-0.125-0.125-0.375-0.0625-0.0625-0.0625-0.0625-0.0625-0.0625-0.0625-0.0625-0.0625-0.0625-0.375-0.0625-0.0625-0.125-0.0625-0.0625-0.0625-0.0625-0.0625-0.0625-0.0625-0.0625-0.0625-0.0625-0.0625-0.0625-0.0625-0.0625-0.0625-0.0625-0.0625-0.0625-0.0625-0.0625-0.0625-0.0625-0.0625-0.0625-0.0625-0.0625-0.0625-0.0625-0.0625-0.0625-0.0625-0.0625-0.0625-0.0625-0.0625-0.0625-0.0625-0.0625-0.0625-0.0625-0.0625-0.0625-0.0625-0.0625-0.0625-0.0625-0.0625-0.0625-0.0625-0.0625-0.0625-0.0625-0.0625-0.0625-0.0625-0.0625-0.0625-0.0625-0.0625-0.0625-0.0625-0.0625-0.0625-0.0625-0.0625-0.0625-0.0625-0.0625-0.0625-0.0625-0.0625-0.0625-0.0625-0.0625-0.0625-0.0625-0.0625-0.0625-0.0625-0.0625-0.0625-0.0625-0.0625-0.0625-0.0625-0.0625-0.0625-0.0625-0.0625-0.0625-0.0625-0.0625-0.0625-0.0625-0.0625-0.0625-0.0625-0.0625-0.0625-0.0625-0.0625-0.0625-0.0625-0.0625-0.0625-0.0625-0.0625-0.0625-0.0625-0.0625-0.0625-0.0625-0.0625-0.0625-0.0625-0.0625-0.0625-0.0625-0.0625-0.0625-0.0625-0.0625-0.0625-0.0625-0.0625-0.0625-0.0625-0.0625-0.0625-0.0625-0.0625-0.0625-0.0625-0.0625-0.0625-0.0625-0.0625-0.0625-0.0625-0.0625-0.0625-0.0625-0.0625-0.0625-0.0625-0.0625-0.0625-0.0625-0.0625-0.0625-0.0625-0.0625-0.0625-0.0625-0.0625-0.0625-0.0625-0.0625-0.0625-0.0625-0.0625-0.0625-0.0625-0.0625-0.0625-0.0625-0.0625-0.0625-0.0625-0.0625-0.0625-0.0625-0.0625-0.0625-0.0625-0.0625-0.0625-0.0625-0.0625-0.0625-0.0625-0.0625-0.0625-0.0625-0.0625-0.0625-0.0625-0.0625-0.0625-0.0625-0.0625-0.0625-0.0625-0.0625-0.0625-0.0625-0.0625-0.0625-0.0625-0.0625-0.0625-0.0625-0.0625-0.0625-0.0625-0.0625-0.0625-0.0625-0.0625-0.0625-0.0625-0.0625-0.0625-0.0625-0.125-0.0625-0.0625-0.125-0.125-0.25-0.0625-0.0625-0.0625-0.0625-0.0625-0.0625-0.125-0.125-0.125-0.125-0.125-0.0625-0.0625-0.0625-0.0625-0.0625-0.0625-0.125-0.125-0.125-0.125-0.125-0.125-0.125-0.125-0.25-0.125-0.0625-0.0625-0.0625-0.0625-0.0625-0.0625-0.125-0.125-0.125-0.125-0.125-0.0625-0.0625-0.0625-0.0625-0.0625-0.0625-0.125-0.125-0.125-0.125-0.5-0.5-0.125-0.25-0.125-0.125-0.25-0.125-0.125-0.25-0.125-0.125-0.25-0.125-0.125-0.25-0.125-0.125-0.25-0.125-0.125-0.25-0.125-0.125-0.25-0.125-0.125-0.0625-0.0625-0.125-0.125-0.125-0.0625-0.0625-0.125-0.125-0.125-0.0625-0.0625-0.125-0.125-0.25-0.1875-0.03125-0.03125-0.25-0.125-0.125-0.125-0.125-0.125-0.125-0.125-0.25-0.125-0.125-0.25-0.125-0.125-0.25-0.125-0.125-0.0625-0.0625-0.125-0.125-0.125-0.0625-0.0625-0.125-0.125-0.125-0.0625-0.0625-0.125-0.125-0.0625-0.0625-0.0625-0.0625-0.0625-0.0625-0.0625-0.0625-0.0625-0.0625-0.0625-0.0625-0.0625-0.0625-0.0625-0.0625-0.0625-0.0625-0.0625-0.0625-0.0625-0.0625-0.0625-0.0625-0.0625-0.0625-0.0625-0.0625-0.0625-0.0625-0.0625-0.0625-0.25-0.5-0.5-0.5-0.5-0.125-0.125-0.125-0.125-0.375-0.0625-0.0625-0.0625-0.0625-0.0625-0.0625-0.125-0.0625-0.0625-0.0625-0.0625-0.0625-0.0625-0.125-0.0625-0.0625-0.125-0.125-0.125-0.125-0.125-0.0625-0.0625-0.0625-0.0625-0.0625-0.0625-0.0625-0.0625-0.0625-0.0625-0.0625-0.0625-0.0625-0.0625-0.375-0.0625-0.0625-0.0625-0.0625-0.0625-0.0625-0.125-0.0625-0.0625-0.0625-0.0625-0.0625-0.0625-0.125-0.0625-0.0625-0.125-0.125-0.125-0.125-0.125-0.0625-0.0625-0.0625-0.0625-0.0625-0.0625-0.0625-0.0625-0.0625-0.0625-0.0625-0.0625-0.0625-0.0625-0.125-0.125-0.125-0.125-0.125-0.125-0.125-0.125-0.5-0.25-0.25-0.0625-0.0625-0.0625-0.0625-0.0625-0.0625-0.0625-0.0625-0.0625-0.0625-0.0625-0.0625-0.0625-0.0625-0.0625-0.0625-0.125-0.0625-0.0625-0.125-0.125-0.25-0.0625-0.0625-0.0625-0.0625-0.0625-0.0625-0.125-0.125-0.375-0.0625-0.0625-0.0625-0.0625-0.0625-0.0625-0.0625-0.0625-0.0625-0.0625-0.375-0.0625-0.0625-0.125-0.0625-0.0625-0.0625-0.0625-0.0625-0.0625-0.0625-0.0625-0.0625-0.0625-0.125-0.0625-0.0625-0.125-0.125-0.125-0.125-0.0625-0.0625-0.0625-0.0625-0.125-0.0625-0.0625-0.0625-0.0625-0.0625-0.0625-0.125-0.125-0.375-0.0625-0.0625-0.0625-0.0625-0.0625-0.0625-0.0625-0.0625-0.0625-0.0625-0.375-0.0625-0.0625-0.125-0.0625-0.0625-0.0625-0.0625-0.0625-0.0625-0.0625-0.0625-0.0625-0.0625-0.0625-0.0625-0.0625-0.0625-0.0625-0.0625-0.0625-0.0625-0.0625-0.0625-0.0625-0.0625-0.0625-0.0625-0.0625-0.0625-0.0625-0.0625-0.0625-0.0625-0.0625-0.0625-0.0625-0.0625-0.0625-0.0625-0.0625-0.0625-0.0625-0.0625-0.0625-0.0625-0.0625-0.0625-0.0625-0.0625-0.0625-0.0625-0.0625-0.0625-0.0625-0.0625-0.0625-0.0625-0.0625-0.0625-0.0625-0.0625-0.0625-0.0625-0.0625-0.0625-0.0625-0.0625-0.0625-0.0625-0.0625-0.0625-0.0625-0.0625-0.0625-0.0625-0.0625-0.0625-0.0625-0.0625-0.0625-0.0625-0.0625-0.0625-0.0625-0.0625-0.0625-0.0625-0.0625-0.0625-0.0625-0.0625-0.0625-0.0625-0.0625-0.0625-0.0625-0.0625-0.0625-0.0625-0.0625-0.0625-0.0625-0.0625-0.0625-0.0625-0.0625-0.0625-0.0625-0.0625-0.0625-0.0625-0.0625-0.0625-0.0625-0.0625-0.0625-0.0625-0.0625-0.0625-0.0625-0.0625-0.0625-0.0625-0.0625-0.0625-0.0625-0.0625-0.0625-0.0625-0.0625-0.0625-0.0625-0.0625-0.0625-0.0625-0.0625-0.0625-0.0625-0.0625-0.0625-0.0625-0.0625-0.0625-0.0625-0.0625-0.0625-0.0625-0.0625-0.0625-0.0625-0.0625-0.0625-0.0625-0.0625-0.0625-0.0625-0.0625-0.0625-0.0625-0.0625-0.0625-0.0625-0.0625-0.0625-0.0625-0.0625-0.0625-0.0625-0.0625-0.0625-0.0625-0.0625-0.0625-0.0625-0.0625-0.0625-0.0625-0.0625-0.0625-0.0625-0.0625-0.0625-0.0625-0.0625-0.0625-0.0625-0.0625-0.0625-0.0625-0.0625-0.0625-0.0625-0.0625-0.0625-0.0625-0.0625-0.0625-0.0625-0.0625-0.0625-0.0625-0.0625-0.0625-0.0625-0.0625-0.0625-0.0625-0.0625-0.0625-0.0625-0.0625-0.0625-0.0625-0.0625-0.0625-0.0625-0.0625-0.125-0.0625-0.0625-0.125-0.125-0.25-0.0625-0.0625-0.0625-0.0625-0.0625-0.0625-0.125-0.125-0.125-0.125-0.125-0.0625-0.0625-0.0625-0.0625-0.0625-0.0625-0.125-0.125-0.125-0.125-0.125-0.125-0.125-0.125-0.25-0.125-0.0625-0.0625-0.0625-0.0625-0.0625-0.0625-0.125-0.125-0.125-0.125-0.125-0.0625-0.0625-0.0625-0.0625-0.0625-0.0625-0.125-0.125-0.125-0.125-0.5-0.5-0.125-0.25-0.125-0.125-0.25-0.125-0.125-0.25-0.125-0.125-0.25-0.125-0.125-0.25-0.125-0.125-0.25-0.125-0.125-0.25-0.125-0.125-0.25-0.125-0.125-0.0625-0.0625-0.125-0.125-0.125-0.0625-0.0625-0.125-0.125-0.125-0.0625-0.0625-0.125-0.125-0.25-0.1875-0.03125-0.03125-0.25-0.125-0.125-0.125-0.125-0.125-0.125-0.125-0.25-0.125-0.125-0.25-0.125-0.125-0.25-0.125-0.125-0.0625-0.0625-0.125-0.125-0.125-0.0625-0.0625-0.125-0.125-0.125-0.0625-0.0625-0.125-0.125-0.0625-0.0625-0.0625-0.0625-0.0625-0.0625-0.0625-0.0625-0.0625-0.0625-0.0625-0.0625-0.0625-0.0625-0.0625-0.0625-0.0625-0.0625-0.0625-0.0625-0.0625-0.0625-0.0625-0.0625-0.0625-0.0625-0.0625-0.0625-0.0625-0.0625-0.0625-0.0625-0.25-0.5-0.5-0.5-0.5-0.125-0.125-0.125-0.125-0.375-0.0625-0.0625-0.0625-0.0625-0.0625-0.0625-0.125-0.0625-0.0625-0.0625-0.0625-0.0625-0.0625-0.125-0.0625-0.0625-0.125-0.125-0.125-0.125-0.125-0.0625-0.0625-0.0625-0.0625-0.0625-0.0625-0.0625-0.0625-0.0625-0.0625-0.0625-0.0625-0.0625-0.0625-0.375-0.0625-0.0625-0.0625-0.0625-0.0625-0.0625-0.125-0.0625-0.0625-0.0625-0.0625-0.0625-0.0625-0.125-0.0625-0.0625-0.125-0.125-0.125-0.125-0.125-0.0625-0.0625-0.0625-0.0625-0.0625-0.0625-0.0625-0.0625-0.0625-0.0625-0.0625-0.0625-0.0625-0.0625-0.125-0.125-0.125-0.125-0.125-0.125-0.125-0.125-0.5-0.25-0.25-0.0625-0.0625-0.0625-0.0625-0.0625-0.0625-0.0625-0.0625-0.0625-0.0625-0.0625-0.0625-0.0625-0.0625-0.0625-0.0625-0.125-0.0625-0.0625-0.125-0.125-0.25
Minuet-from-Don-Giovanni;Mozart;a-a-a-a-a-a-d-a-g-g-g-g-g-a-g-f#-g-f#-g#-g#-g#-g#-g#-a-h-c#-c#-d-h-a-g#-a-a-a-a-a-a-a-d-a-g-g-g-g-g-a-g-f#-g-f#-g#-g#-g#-g#-g#-a-h-c#-c#-d-h-a-g#-a-c#-c#-c#-c#-c#-d-a-a-g-g-g-g-g-f#-g-a-h-c#-d-d-d-d-d-e-f#-f#-g-e-d-c#-d-c#-c#-c#-c#-c#-d-a-a-g-g-g-g-g-f#-g-a-h-c#-d-d-d-d-d-e-f#-f#-g-e-d-c#-d;0.25-0.125-0.125-0.125-0.125-0.1875-0.0625-0.25-0.25-0.125-0.125-0.125-0.125-0.0625-0.0625-0.0625-0.0625-0.25-0.25-0.125-0.125-0.125-0.125-0.1875-0.0625-0.375-0.125-0.1875-0.0625-0.25-0.25-0.25-0.25-0.125-0.125-0.125-0.125-0.1875-0.0625-0.25-0.25-0.125-0.125-0.125-0.125-0.0625-0.0625-0.0625-0.0625-0.25-0.25-0.125-0.125-0.125-0.125-0.1875-0.0625-0.375-0.125-0.1875-0.0625-0.25-0.25-0.25-0.25-0.125-0.125-0.125-0.125-0.1875-0.0625-0.25-0.25-0.125-0.125-0.125-0.125-0.1875-0.0625-0.25-0.1875-0.0625-0.125-0.125-0.125-0.125-0.1875-0.0625-0.25-0.125-0.1875-0.0625-0.25-0.25-0.25-0.25-0.125-0.125-0.125-0.125-0.1875-0.0625-0.25-0.25-0.125-0.125-0.125-0.125-0.1875-0.0625-0.25-0.1875-0.0625-0.125-0.125-0.125-0.125-0.1875-0.0625-0.25-0.125-0.1875-0.0625-0.25-0.25-0.25
Minuet;Mozart;d-f#-a-a-h-d-g-g-f#-a-d-c#-c#-d-a-c#-e-e-a-d-f#-f#-a-c#-e-g-f#-f#-e-d-f#-a-a-h-d-g-g-f#-a-d-c#-c#-d-a-c#-e-e-a-d-f#-f#-a-c#-e-g-f#-f#-e-a-c-f#-f#-g-h-e-e-f#-a-d#-d#-d#-e-g-h-e-e-f#-a-d-d-e-g-c#-c#-c#-d-d-f#-a-a-h-d-g-g-f#-a-d-c#-c#-d-d-f#-a-a-h-d-g-g-f#-a-d-c#-c#-d;0.125-0.125-0.25-0.25-0.125-0.125-0.25-0.25-0.125-0.125-0.25-0.25-0.5-0.25-0.125-0.125-0.25-0.25-0.125-0.125-0.25-0.25-0.0833-0.0833-0.0833-0.25-0.25-0.5-0.25-0.125-0.125-0.25-0.25-0.125-0.125-0.25-0.25-0.125-0.125-0.25-0.25-0.5-0.25-0.125-0.125-0.25-0.25-0.125-0.125-0.25-0.25-0.0833-0.0833-0.0833-0.25-0.25-0.5-0.25-0.125-0.125-0.25-0.25-0.125-0.125-0.25-0.25-0.125-0.125-0.25-0.25-0.5-0.25-0.125-0.125-0.25-0.25-0.125-0.125-0.25-0.25-0.125-0.125-0.25-0.25-0.5-0.25-0.125-0.125-0.25-0.25-0.125-0.125-0.25-0.25-0.125-0.125-0.25-0.25-0.5-0.25-0.125-0.125-0.25-0.25-0.125-0.125-0.25-0.25-0.125-0.125-0.25-0.25-0.5-0.25
German-Dance-no.-1-K-605;Mozart;a-c#-e-d-c#-h-a-f#-a-e-a-c#-e-d-c#-h-a-h-g#-e-a-a-c#-e-d-c#-h-a-f#-a-e-a-c#-e-d-c#-h-a-h-g#-e-a-g#-a-h-h-h-c#-d-d-d-e-f#-f#-e-d-c#-h-c#-e-a-g#-f#-e-d#-e-c-e-d-h-a-g#-a-h-h-h-c#-d-d-d-e-f#-f#-e-d-c#-h-c#-e-a-g#-f#-e-d#-e-c-e-d-h-a-e-d-c#-e-e-d-e-f#-e-d-c#-h-e-c#-h-e-d-c#-e-e-d-h-a-e-d-c#-e-e-d-e-f#-e-d-c#-h-e-c#-h-e-d-c#-e-e-d-h-a-a-e-g-g-g-f-f#-g-e-e-d-d-c#-f#-c#-h-e-e-d-e-f#-e-e-g#-a-h-c#-a-a-e-g-g-g-f-f#-g-e-e-d-d-c#-f#-c#-h-e-e-d-e-f#-e-e-g#-a-h-c#-a;0.125-0.125-0.5-0.25-0.25-0.25-0.25-0.5-0.125-0.25-0.125-0.125-0.5-0.25-0.25-0.25-0.25-0.5-0.125-0.125-0.25-0.125-0.125-0.5-0.25-0.25-0.25-0.25-0.5-0.125-0.25-0.125-0.125-0.5-0.25-0.25-0.25-0.25-0.5-0.125-0.125-0.25-0.125-0.125-0.25-0.25-0.125-0.125-0.25-0.25-0.125-0.125-0.25-0.125-0.125-0.125-0.125-0.25-0.125-0.125-0.5-0.25-0.25-0.25-0.25-0.25-0.125-0.125-0.125-0.125-0.25-0.125-0.125-0.25-0.25-0.125-0.125-0.25-0.25-0.125-0.125-0.25-0.125-0.125-0.125-0.125-0.25-0.125-0.125-0.5-0.25-0.25-0.25-0.25-0.25-0.125-0.125-0.125-0.125-0.25-0.25-0.25-0.25-0.25-0.25-0.25-0.25-0.25-0.25-0.125-0.125-0.25-0.25-0.25-0.25-0.25-0.25-0.25-0.25-0.25-0.25-0.25-0.25-0.25-0.25-0.25-0.25-0.25-0.25-0.25-0.25-0.25-0.125-0.125-0.25-0.25-0.25-0.25-0.25-0.25-0.25-0.25-0.25-0.25-0.25-0.25-0.125-0.125-0.25-0.25-0.25-0.25-0.25-0.125-0.125-0.125-0.125-0.125-0.125-0.25-0.25-0.25-0.25-0.25-0.25-0.25-0.25-0.25-0.25-0.25-0.25-0.125-0.125-0.25-0.125-0.125-0.25-0.25-0.25-0.25-0.25-0.125-0.125-0.125-0.125-0.125-0.125-0.25-0.25-0.25-0.25-0.25-0.25-0.25-0.25-0.25-0.25-0.25-0.25-0.125-0.125-0.25
Laudate-Dominum;Mozart;g-g-a-h-c-c-d-e-d-d-e-c-d-c-h-g-g-f#-f#-e-d-c#-d-d-c#-h-a-g-g-f#-e-e-e-d#-e-g-f#-e-d-d-e-d-d-d-a-a-a-h-h-d-c-c-f#-f#-f#-e-d-g-g-g-f#-e-e-d-c#-c-c-h-d-d-c-h-a-h-a-g-g-d-h-a-a-g-g-g-g-f#-e-d-d-d-c-h-f-e-g-g-d#-e-g-f#-e-d-d-g-g-g-a-g-g;0.375-0.125-0.125-0.125-0.375-0.125-0.125-0.125-0.375-0.125-0.125-0.125-0.25-0.125-0.375-0.375-0.25-0.125-0.25-0.125-0.25-0.75-0.375-0.25-0.0625-0.0625-0.25-0.125-0.25-0.75-0.375-0.375-0.125-0.125-0.125-0.125-0.125-0.125-0.375-0.25-0.0625-0.0625-0.25-0.1875-0.0625-0.125-0.25-0.125-0.125-0.125-0.125-0.375-0.375-0.25-0.0625-0.03125-0.03125-0.75-0.125-0.125-0.125-0.125-0.125-0.125-0.25-0.09375-0.03125-0.375-0.375-0.125-0.0625-0.0625-0.0625-0.0625-0.25-0.375-0.125-0.125-0.125-0.25-0.0625-0.0625-0.375-0.375-0.1875-0.0625-0.0625-0.0625-0.25-0.0625-0.0625-0.25-0.75-0.375-0.375-0.125-0.125-0.125-0.125-0.125-0.125-0.375-0.25-0.125-0.375-0.25-0.0625-0.0625-0.75
March-of-the-Priest-from-The-Magic-Flute;Mozart;c#-e-a-a-h-c#-d-f#-e-d-c#-h-e-g#-a-c#-f#-d#-e-d#-c#-f#-e-d-d#-e-c#-e-a-a-h-c#-d-f#-e-d-c#-h-e-g#-a-c#-f#-d#-e-d#-c#-f#-e-d-d#-e-h-h-c#-e-d-d-c#-f#-e-d-c#-c#-d-h-e-d-c#-h-a-d-c#-h-h-h-a-a-g#-f#-e-f#-g#-a-h-c#-e-a-a#-h-c#-d-f#-e-d-c#-a-f#-d-h-g#-e-e-g#-a-h-c#-h-a-f#-f#-a-h-d-c#-h-a#-d-a-a-c#-d-f#-c#-c#-h-a-h-h-a-h-h-c#-e-d-d-c#-f#-e-d-c#-c#-d-h-e-d-c#-h-a-d-c#-h-h-h-a-a-g#-f#-e-f#-g#-a-h-c#-e-a-a#-h-c#-d-f#-e-d-c#-a-f#-d-h-g#-e-e-g#-a-h-c#-h-a-f#-f#-a-h-d-c#-h-a#-d-a-a-c#-d-f#-c#-c#-h-a-h-h-a;0.5-0.5-0.5-0.25-0.25-0.25-0.25-0.25-0.375-0.125-0.5-0.5-0.375-0.125-0.375-0.125-0.375-0.125-0.1875-0.0625-0.1875-0.0625-0.25-0.25-0.5-0.25-0.5-0.5-0.5-0.25-0.25-0.25-0.25-0.25-0.375-0.125-0.5-0.5-0.375-0.125-0.375-0.125-0.375-0.125-0.1875-0.0625-0.1875-0.0625-0.25-0.25-0.5-0.25-0.5-0.25-0.25-0.375-0.125-0.25-0.25-0.25-0.25-0.25-0.25-0.5-0.25-0.25-0.25-0.25-0.25-0.25-0.25-0.5-0.25-0.375-0.125-0.375-0.125-0.125-0.125-0.125-0.125-0.125-0.125-0.125-0.125-0.5-0.5-0.75-0.25-0.25-0.25-0.25-0.25-0.375-0.125-0.25-0.25-0.5-0.375-0.125-0.5-0.5-0.1875-0.0625-0.1875-0.0625-0.125-0.125-0.25-0.5-0.1875-0.0625-0.1875-0.0625-0.25-0.1875-0.0625-0.25-0.5-0.1875-0.0625-0.1875-0.0625-0.125-0.0625-0.0625-0.0625-0.0625-0.5-0.25-0.5-0.25-0.25-0.375-0.125-0.25-0.25-0.25-0.25-0.25-0.25-0.5-0.25-0.25-0.25-0.25-0.25-0.25-0.25-0.5-0.25-0.375-0.125-0.375-0.125-0.125-0.125-0.125-0.125-0.125-0.125-0.125-0.125-0.5-0.5-0.75-0.25-0.25-0.25-0.25-0.25-0.375-0.125-0.25-0.25-0.5-0.375-0.125-0.5-0.5-0.1875-0.0625-0.1875-0.0625-0.125-0.125-0.25-0.5-0.1875-0.0625-0.1875-0.0625-0.25-0.1875-0.0625-0.25-0.5-0.1875-0.0625-0.1875-0.0625-0.125-0.0625-0.0625-0.0625-0.0625-0.5-0.25
Oh-Isis-und-Osiris;Mozart;d-g-d-a-d-h-c-a-g-f#-a-c-a-f#-a-f#-d-c-h-g-g-h-c#-d-c#-a-g-e-f#-d-f#-a-h-g-e-d-e-e-f#-d-c#-h-a#-h-g-a-a-d-a-h-c-d-h-g#-e-d-d-c-c-a-f#-g-d-a#-g-d#-d-d-g-h-h-a-a-d-a-c-c-h-g-h-d-e-c-a-g-a-a-h-g-f#-e-d#-e-c-d-d-g;0.25-0.5-0.25-0.5-0.25-0.5-0.125-0.125-0.25-0.25-0.25-0.5-0.25-0.5-0.125-0.125-0.5-0.25-0.5-0.25-0.25-0.25-0.5-0.125-0.125-0.5-0.25-0.25-0.5-0.25-0.25-0.25-0.5-0.125-0.125-0.5-0.25-0.25-0.25-0.25-0.25-0.25-0.25-0.25-0.25-0.5-0.25-0.5-0.25-0.25-0.25-0.5-0.125-0.125-0.5-0.25-0.25-0.25-0.25-0.25-0.25-0.5-0.25-0.5-0.25-0.25-0.25-0.25-0.25-0.25-0.125-0.125-0.25-0.25-0.25-0.25-0.25-0.25-0.25-0.25-0.25-0.5-0.125-0.125-0.5-0.25-0.25-0.25-0.25-0.25-0.25-0.25-0.25-0.25-0.5-0.25-0.5
Lacrimosa-dies-illa;Mozart;h-h-g-e-e-d#-h-h-g-e-e-d#-e-f#-g-a-h-c#-d-e-f-f#-g-g#-a-a#-h-h-h-h-c-h-h-h-g-e-d#-d#-e-f#-f#-e-f-f-a-f-f-e-e-e-g-f#-f#-e-e-e-a-g-g-f#-f#-f#-h-h-h-c#-d-e-e-e-d-c#-c#-c#-d-e-d-g-g-g-e-c#-d-d-c-a-g-h-h-g-e-e-d#-h-h-g-e-e-d#-e-d-c-h-a-g-f#-e-d#-e-f#-g-f#-f#-e-e-e-;0.375-0.125-0.125-0.125-0.375-0.125-0.375-0.125-0.125-0.125-0.375-0.125-0.125-0.125-0.125-0.125-0.125-0.125-0.125-0.125-0.375-0.375-0.375-0.375-0.375-0.375-0.375-0.125-0.375-0.125-0.125-0.125-0.375-0.125-0.125-0.125-0.375-0.125-0.125-0.125-0.375-0.375-0.375-0.125-0.125-0.125-0.375-0.125-0.375-0.125-0.125-0.125-0.375-0.125-0.375-0.125-0.125-0.125-0.375-0.375-0.375-0.25-0.125-0.375-0.375-0.375-0.375-0.375-0.375-0.375-0.375-0.375-0.375-0.375-0.375-0.375-0.25-0.125-0.375-0.125-0.125-0.125-0.375-0.125-0.125-0.125-0.25-0.375-0.125-0.125-0.125-0.375-0.375-0.375-0.125-0.125-0.125-0.375-0.125-0.375-0.375-0.375-0.375-0.375-0.375-0.375-0.375-0.375-0.375-0.375-0.375-0.375-0.375-0.25-1.5-1.5
